p1_peak,p2_peak,p3_peak,sg1_peak,sg2_peak,imu_acceleration,imu_angular_velocity,energy,frequency,duration,label,label_name,scenario
0.082,0.114,0.076,14.2,13.8,0.42,0.08,8.4,2.4,0.000,0,NO_CONTACT,CLEARANCE
0.091,0.132,0.089,16.5,15.1,0.51,0.09,11.2,5.2,0.000,0,NO_CONTACT,CLEARANCE
0.074,0.098,0.081,12.9,13.2,0.38,0.06,7.1,2.4,0.000,0,NO_CONTACT,CLEARANCE
4.920,1.850,0.540,245.0,78.2,14.60,7.20,3850.4,420.0,0.038,1,POLE_CONTACT,POLE_LEFT
5.140,1.920,0.610,268.0,84.1,15.20,7.80,4120.1,435.0,0.041,1,POLE_CONTACT,POLE_LEFT
4.780,1.740,0.490,232.0,72.4,13.80,6.90,3610.8,410.0,0.035,1,POLE_CONTACT,POLE_LEFT
1.820,5.180,1.750,195.0,192.0,24.80,9.40,4920.6,420.0,0.042,1,POLE_CONTACT,POLE_CENTER
1.910,5.420,1.820,210.0,208.0,26.50,10.20,5240.2,430.0,0.045,1,POLE_CONTACT,POLE_CENTER
1.740,4.980,1.680,182.0,185.0,23.10,8.90,4650.0,415.0,0.039,1,POLE_CONTACT,POLE_CENTER
0.520,1.810,4.980,74.5,252.0,14.20,7.10,3810.0,420.0,0.039,1,POLE_CONTACT,POLE_RIGHT
0.590,1.940,5.260,82.1,274.0,15.80,7.60,4090.5,425.0,0.042,1,POLE_CONTACT,POLE_RIGHT
0.480,1.720,4.820,69.8,241.0,13.50,6.70,3590.2,415.0,0.036,1,POLE_CONTACT,POLE_RIGHT
1.850,2.940,1.720,680.0,640.0,36.50,14.80,2480.0,65.0,0.220,2,BODY_CONTACT,BODY_CONTACT
2.120,3.150,1.980,740.0,710.0,41.20,16.20,2850.4,62.0,0.245,2,BODY_CONTACT,BODY_CONTACT
1.680,2.810,1.590,620.0,590.0,33.10,13.40,2190.0,68.0,0.198,2,BODY_CONTACT,BODY_CONTACT
0.950,1.150,0.880,78.0,64.0,6.20,3.10,420.0,140.0,0.075,3,OTHER_CONTACT,OTHER_CONTACT
1.080,1.240,0.920,85.0,71.0,7.10,3.50,480.2,135.0,0.082,3,OTHER_CONTACT,OTHER_CONTACT
0.820,0.980,0.760,65.0,58.0,5.40,2.80,360.5,145.0,0.068,3,OTHER_CONTACT,OTHER_CONTACT
