timestamp,p1,p2,p3,sg1,sg2,ax,ay,az,gx,gy,gz
0.000,0.012,-0.008,0.005,12.1,11.9,-0.02,0.01,9.81,0.002,-0.001,0.001
0.100,-0.015,0.014,-0.009,12.0,11.8,0.01,-0.02,9.80,-0.001,0.002,-0.001
0.200,0.008,-0.011,0.012,12.2,11.9,-0.01,0.02,9.82,0.001,-0.002,0.001
0.300,-0.009,0.007,-0.008,12.1,11.7,0.02,-0.01,9.81,-0.002,0.001,0.002
0.400,0.014,-0.012,0.011,11.9,12.0,-0.01,0.01,9.79,0.002,0.001,-0.001
0.500,-0.011,0.015,-0.014,12.3,11.8,0.01,-0.02,9.83,-0.001,-0.001,0.001
0.600,0.018,-0.009,0.008,12.0,11.9,-0.02,0.01,9.80,0.001,0.002,-0.001
0.700,-0.012,0.011,-0.010,12.2,12.1,0.02,-0.01,9.82,-0.002,-0.001,0.002
0.800,0.009,-0.014,0.013,11.8,11.7,-0.01,0.02,9.78,0.001,0.001,-0.001
0.850,1.820,5.180,1.750,195.0,192.0,-2.40,18.50,24.80,9.40,-3.20,5.80
0.860,1.240,4.620,1.180,240.0,235.0,4.20,-12.10,32.40,-7.80,4.10,-4.20
0.870,0.850,3.410,0.790,210.0,205.0,-3.80,8.60,18.20,5.40,-2.80,3.10
0.880,-0.620,-2.150,-0.580,160.0,158.0,2.90,-6.40,4.20,-3.90,1.90,-2.40
0.890,-0.410,-1.420,-0.390,120.0,115.0,-1.80,4.10,-2.60,2.50,-1.20,1.60
0.900,0.280,0.920,0.260,85.0,82.0,1.20,-2.50,6.10,-1.80,0.80,-1.10
0.920,-0.180,-0.480,-0.170,55.0,52.0,-0.80,1.60,11.40,1.10,-0.50,0.70
0.950,0.090,0.220,0.080,32.0,30.0,0.40,-0.90,9.20,-0.60,0.30,-0.40
1.000,-0.040,-0.090,-0.030,22.0,21.0,-0.20,0.40,10.10,0.30,-0.10,0.20
1.200,0.015,0.020,0.014,14.5,14.1,0.05,-0.08,9.85,-0.08,0.04,-0.05
1.500,-0.008,0.011,-0.009,12.3,12.0,-0.02,0.03,9.81,0.02,-0.01,0.02
2.000,0.011,-0.010,0.008,12.0,11.8,0.01,-0.01,9.81,-0.01,0.01,-0.01
